proj	ts	pv	tool_v	nsrc	nverdict	nrubric	nrun	ndeg
PRPs-agentic-eng	2026-08-14T11:44:18Z	0.31.0	1	245	385	5020	335	1
PRPs-agentic-eng	2026-08-14T11:44:21Z	0.31.0	1	245	385	5020	335	1
PRPs-agentic-eng	2026-08-14T11:44:42Z	0.31.0	1	245	385	5020	335	1
PRPs-agentic-eng	2026-08-14T11:44:44Z	0.31.0	1	245	385	5020	335	1
PRPs-agentic-eng	2026-08-14T12:23:45Z	0.31.0	1	245	385	5020	335	1
PRPs-agentic-eng	2026-08-14T12:24:45Z	0.31.0	1	245	385	5020	335	1
PRPs-agentic-eng	2026-08-14T12:24:48Z	0.31.0	1	245	385	5020	335	1
PRPs-agentic-eng	2026-08-14T12:55:33Z	0.32.0	1	245	385	5020	335	1
PRPs-agentic-eng	2026-09-15T22:13:22Z	0.38.1	1	295	439	5722	447	1
